{
    "resource":[
        {
            "name":"ITWS1100-S19-W1C1-Apps-CourseIntro",
            "course":"ITWS1100",
            "tag":"Lecture Note",
            "place":"./data/PDF/ITWS1100-S19-W1C1-Apps-CourseIntro.pdf"
        },
        {
            "name":"ITWS1100-S19-W2C1P1-Tech-Pres01-Bits&Bytes",
            "course":"ITWS1100",
            "tag":"Lecture Note",
            "place":"./data/PDF/ITWS1100-S19-W2C1P1-Tech-Pres01-Bits&Bytes.pdf"
        },
        {
            "name":"ITWS1100-S19-W2C1P2-Tech-Pres02-NetworkProtocols",
            "course":"ITWS1100",
            "tag":"Lecture Note",
            "place":"./data/PDF/ITWS1100-S19-W2C1P2-Tech-Pres02-NetworkProtocols.pdf"
        },
        {
            "name":"ITWS1100-S19-W3C2-TechPres04&05_old5&6_-HTML&CSS",
            "course":"ITWS1100",
            "tag":"Lecture Note",
            "place":"./data/PDF/ITWS1100-S19-W3C2-TechPres04&05_old5&6_-HTML&CSS.pdf"
        },
        {
            "name":"ITWS1100-S19-W4C1P1-TechPres06_old 7_-HTML&CSSReview&Lab2",
            "course":"ITWS1100",
            "tag":"Lecture Note",
            "place":"./data/PDF/ITWS1100-S19-W4C1P1-TechPres06_old 7_-HTML&CSSReview&Lab2.pdf"
        }
    ]
}